"","caseId","docketId","caseIssuesId","voteId","dateDecision","decisionType","usCite","sctCite","ledCite","lexisCite","term","naturalCourt","chief","docket","caseName","dateArgument","dateRearg","petitioner","petitionerState","respondent","respondentState","jurisdiction","adminAction","adminActionState","threeJudgeFdc","caseOrigin","caseOriginState","caseSource","caseSourceState","lcDisagreement","certReason","lcDisposition","lcDispositionDirection","declarationUncon","caseDisposition","caseDispositionUnusual","partyWinning","precedentAlteration","voteUnclear","issue","issueArea","decisionDirection","decisionDirectionDissent","authorityDecision1","authorityDecision2","lawType","lawSupp","lawMinor","majOpinWriter","majOpinAssigner","splitVote","majVotes","minVotes","time_t","id","year","meanMSscores","Hughes","Stone","Vinson","Warren","Burger","Rehnquist","Roberts","MQ.score.diff","opinion_id"
"14","1937-012","1937-012-01","1937-012-01-01","1937-012-01-01-01","11/15/1937",1,"302 U.S. 120","58 S. Ct. 125","82 L. Ed. 147","1937 U.S. LEXIS 1216",1937,1104,"Hughes","23","CHICAGO TITLE AND TRUST CO. v. FORTY-ONE THIRTY-SIX WILCOX BLDG. CORP.","10/21/1937","",114,NA,114,NA,1,NA,NA,0,66,NA,27,NA,1,12,2,2,1,3,0,1,0,0,80030,8,1,0,4,NA,3,307,"NULL",71,75,1,6,3,53235,2,1937,1.01516666666667,1,0,0,0,0,0,0,4.043,0
"171","1938-150","1938-150-01","1938-150-01-01","1938-150-01-01-01","10/17/1938",5,"305 U.S. 564","59 S. Ct. 99","83 L. Ed. 355","1938 U.S. LEXIS 607",1938,1105,"Hughes","10","UNITED STATES v. ONE 1936 MODEL FORD V-8 DE LUXE COACH","10/12/1938","",27,NA,501,NA,1,NA,NA,0,114,NA,24,NA,0,12,2,NA,1,2,0,0,0,0,NA,NA,NA,NA,NA,NA,NA,NA,"NULL",NA,NA,1,3,3,53571,22,1938,-0.2115,1,0,0,0,0,0,0,0,0
"224","1938-151","1938-151-01","1938-151-01-01","1938-151-01-01-01","1/9/1939",5,"305 U.S. 577","59 S. Ct. 465","83 L. Ed. 363","1939 U.S. LEXIS 916",1938,1105,"Hughes","104","MONTANA EX REL. BOARD OF COUNTY COMMISSIONERS v. BRUCE, COUNTY ASSESSOR, et al.","12/6/1938","",501,NA,501,NA,1,NA,NA,0,NA,NA,300,31,0,12,NA,NA,NA,NA,NA,NA,NA,NA,NA,NA,NA,NA,NA,NA,NA,NA,"NULL",NA,NA,1,4,4,53655,29,1939,0.049875,1,0,0,0,0,0,0,0,0
"338","1939-142","1939-142-01","1939-142-01-01","1939-142-01-01-01","11/22/1939",5,"308 U.S. 519","60 S. Ct. 177","84 L. Ed. 441","1939 U.S. LEXIS 79",1939,1107,"Hughes","48","UNITED STATES v. STONE, UNITED STATES DISTRICT JUDGE","11/10/1939","",27,NA,16,60,1,NA,NA,0,133,NA,27,NA,0,12,NA,NA,1,2,0,0,0,0,NA,NA,NA,NA,NA,NA,NA,NA,"NULL",NA,NA,1,4,4,53972,46,1939,-0.550125,1,0,0,0,0,0,0,0,0
"354","1939-143","1939-143-01","1939-143-01-01","1939-143-01-01-01","12/11/1939",5,"308 U.S. 523","60 S. Ct. 293","84 L. Ed. 443","1939 U.S. LEXIS 1131",1939,1107,"Hughes","317","HELVERING, COMMISSIONER OF INTERNAL REVENUE, v. JOHNSON","12/5/1939","",NA,NA,NA,NA,NA,NA,NA,NA,NA,NA,NA,NA,NA,NA,NA,NA,1,2,0,0,0,0,NA,NA,NA,NA,NA,NA,NA,NA,"NULL",NA,NA,1,4,4,53991,48,1939,-0.550125,1,0,0,0,0,0,0,0,0
"389","1939-144","1939-144-01","1939-144-01-01","1939-144-01-01-01","1/29/1940",5,"309 U.S. 619","60 S. Ct. 465","84 L. Ed. 983","1940 U.S. LEXIS 958",1939,1107,"Hughes","204","KOBILKIN v. PILLSBURY, DEPUTY COMMISSIONER OF U.S. EMPLOYEES' COMPENSATION COMMISSION, et al.","1/8/1940","",331,NA,501,NA,1,NA,NA,0,50,NA,29,NA,0,12,9,NA,1,2,0,0,0,0,NA,NA,NA,NA,NA,NA,NA,NA,"NULL",NA,NA,1,4,4,54040,53,1940,-0.550125,1,0,0,0,0,0,0,0,0
"396","1939-145","1939-145-01","1939-145-01-01","1939-145-01-01-01","2/12/1940",5,"309 U.S. 623","60 S. Ct. 725","84 L. Ed. 985","1940 U.S. LEXIS 912",1939,1108,"Hughes","","OKLAHOMA EX REL. WILLIAMSON, ATTORNEY GENERAL, v. WOODRING, SECRETARY OF WAR","1/29/1940","",28,42,324,NA,9,NA,NA,0,NA,NA,NA,NA,0,1,NA,NA,1,9,0,0,0,0,NA,NA,NA,NA,NA,NA,NA,NA,"NULL",NA,NA,1,4,4,54054,55,1940,-0.550125,1,0,0,0,0,0,0,0,0
"504","1940-170","1940-170-01","1940-170-01-01","1940-170-01-01-01","12/12/1940",5,"309 U.S. 624","60 S. Ct. 725","84 L. Ed. 986","1940 U.S. LEXIS 913",1940,1108,"Hughes","355","UNITED STATES v. MOSCOW FIRE INSURANCE CO.","2/1/1940","",27,NA,171,NA,1,NA,NA,0,302,37,302,37,0,12,NA,NA,1,2,0,0,0,0,NA,NA,NA,NA,NA,NA,NA,NA,"NULL",NA,NA,1,3,3,54358,73,1940,-0.2095,1,0,0,0,0,0,0,0,0
"597","1940-171","1940-171-01","1940-171-01-01","1940-171-01-01-01","3/31/1941",5,"312 U.S. 666","61 S. Ct. 824","85 L. Ed. 1111","1941 U.S. LEXIS 1308",1940,1108,"Hughes","603","GRAY, DIRECTOR OF THE BITUMINOUS COAL DIVISION OF THE DEPARTMENT OF THE INTERIOR, et al. v. POWELL et al., RECEIVERS","3/14/1941","",326,NA,501,NA,1,NA,NA,0,NA,NA,24,NA,0,12,NA,NA,1,2,0,0,0,0,NA,NA,NA,NA,NA,NA,NA,NA,"NULL",NA,NA,1,4,4,54467,84,1941,-0.891875,1,0,0,0,0,0,0,0,0
"598","1940-172","1940-172-01","1940-172-01-01","1940-172-01-01-01","4/7/1941",5,"313 U.S. 537","61 S. Ct. 832","85 L. Ed. 1507","1941 U.S. LEXIS 750",1940,1108,"Hughes","54","BERNARDS v. JOHNSON","12/11/1940","",501,NA,501,NA,1,NA,NA,NA,NA,NA,29,NA,0,12,NA,NA,1,2,0,0,0,0,NA,NA,NA,NA,NA,NA,NA,NA,"NULL",NA,NA,1,4,4,54474,85,1941,-0.891875,1,0,0,0,0,0,0,0,0
"599","1940-173","1940-173-01","1940-173-01-01","1940-173-01-01-01","4/7/1941",5,"313 U.S. 537","61 S. Ct. 832","85 L. Ed. 1507","1941 U.S. LEXIS 751",1940,1108,"Hughes","133","LISENBA v. CALIFORNIA","2/6/1941","",501,NA,28,6,1,NA,NA,0,NA,NA,300,6,0,12,NA,NA,1,2,0,0,0,0,NA,NA,NA,NA,NA,NA,NA,NA,"NULL",NA,NA,1,4,4,54474,85,1941,-0.891875,1,0,0,0,0,0,0,0,0
"600","1940-174","1940-174-01","1940-174-01-01","1940-174-01-01-01","4/7/1941",5,"313 U.S. 538","61 S. Ct. 833","85 L. Ed. 1507","1941 U.S. LEXIS 752",1940,1108,"Hughes","586","NEW YORK, CHICAGO & ST. LOUIS RAILROAD CO. v. FRANK","4/2/1941","",231,NA,501,NA,2,NA,NA,0,NA,NA,302,37,0,1,NA,NA,1,2,0,0,0,0,NA,NA,NA,NA,NA,NA,NA,NA,"NULL",NA,NA,1,4,4,54474,85,1941,-0.891875,1,0,0,0,0,0,0,0,0
"601","1940-175","1940-175-01","1940-175-01-01","1940-175-01-01-01","4/7/1941",5,"313 U.S. 538","61 S. Ct. 833","85 L. Ed. 1507","1941 U.S. LEXIS 753",1940,1108,"Hughes","587","TOUCEY v. NEW YORK L. INS. CO.","3/12/1941","",501,NA,171,NA,1,NA,NA,0,NA,NA,28,NA,0,12,NA,NA,1,2,0,0,0,0,NA,NA,NA,NA,NA,NA,NA,NA,"NULL",NA,NA,1,4,4,54474,85,1941,-0.891875,1,0,0,0,0,0,0,0,0
"604","1940-176","1940-176-01","1940-176-01-01","1940-176-01-01-01","4/14/1941",5,"313 U.S. 542","61 S. Ct. 841","85 L. Ed. 1510","1941 U.S. LEXIS 735",1940,1108,"Hughes","678","BALTIMORE & OHIO RAILROAD CO. v. KEPNER","4/2/1941","",231,NA,501,NA,1,NA,NA,NA,NA,NA,300,41,0,12,NA,NA,1,2,0,0,0,0,NA,NA,NA,NA,NA,NA,NA,NA,"NULL",NA,NA,1,4,4,54481,86,1941,-0.891875,1,0,0,0,0,0,0,0,0
"605","1940-177","1940-177-01","1940-177-01-01","1940-177-01-01-01","4/14/1941",5,"313 U.S. 541","61 S. Ct. 840","85 L. Ed. 1510","1941 U.S. LEXIS 734",1940,1108,"Hughes","584","COMMERCIAL MOLASSES CORP. v. NEW YORK TANK BARGE CORP.","3/13/1941","",501,NA,501,NA,1,NA,NA,0,NA,NA,22,NA,0,12,NA,NA,1,2,0,0,0,0,NA,NA,NA,NA,NA,NA,NA,NA,"NULL",NA,NA,1,4,4,54481,86,1941,-0.891875,1,0,0,0,0,0,0,0,0
"606","1940-178","1940-178-01","1940-178-01-01","1940-178-01-01-01","4/14/1941",5,"313 U.S. 542","61 S. Ct. 841","85 L. Ed. 1510","1941 U.S. LEXIS 736",1940,1108,"Hughes","686","REITZ v. MEALEY, COMMISSIONER OF MOTOR VEHICLES","4/3/1941","",501,NA,501,NA,2,NA,NA,0,95,NA,95,NA,0,1,NA,NA,1,2,0,0,0,0,NA,NA,NA,NA,NA,NA,NA,NA,"NULL",NA,NA,1,4,4,54481,86,1941,-0.891875,1,0,0,0,0,0,0,0,0
"646","1941-007","1941-007-01","1941-007-01-01","1941-007-01-01-01","11/10/1941",1,"314 U.S. 63","62 S. Ct. 15","86 L. Ed. 47","1941 U.S. LEXIS 1087",1941,1202,"Stone","10","INDIANAPOLIS et al. v. CHASE NATIONAL BANK, TRUSTEE, et al.","2/6/1941","10/15/1941",3,18,102,NA,1,NA,NA,0,69,NA,27,NA,1,10,3,2,1,3,0,1,0,0,90520,9,1,0,3,NA,9,900,"NULL",80,78,1,5,4,54691,92,1941,-1.5916,0,1,0,0,0,0,0,3.355,0
"730","1941-163","1941-163-01","1941-163-01-01","1941-163-01-01-01","3/2/1942",5,"315 U.S. 784","62 S. Ct. 793","86 L. Ed. 1190","1942 U.S. LEXIS 873",1941,1202,"Stone","529","HOLLAND v. LOWELL SUN CO.","2/4/1942","",NA,NA,NA,NA,1,NA,NA,NA,NA,NA,21,NA,NA,NA,NA,NA,1,2,0,0,0,0,NA,NA,NA,NA,NA,NA,NA,NA,"NULL",NA,NA,1,4,4,54803,103,1942,-0.520625,0,1,0,0,0,0,0,0,0
"731","1941-164","1941-164-01","1941-164-01-01","1941-164-01-01-01","3/2/1942",5,"315 U.S. 783","62 S. Ct. 793","86 L. Ed. 1190","1942 U.S. LEXIS 872",1941,1202,"Stone","325","RODIEK v. UNITED STATES","2/12/1942","",501,NA,27,NA,1,NA,NA,0,NA,NA,22,NA,0,12,NA,NA,1,2,0,0,0,0,NA,NA,NA,NA,NA,NA,NA,NA,"NULL",NA,NA,1,3,3,54803,103,1942,-0.808833333333333,0,1,0,0,0,0,0,0,0
"752","1941-165","1941-165-01","1941-165-01-01","1941-165-01-01-01","3/30/1942",5,"315 U.S. 787","62 S. Ct. 911","86 L. Ed. 1192","1942 U.S. LEXIS 786",1941,1202,"Stone","523","WEBER v. UNITED STATES","3/9/1942","",501,NA,27,NA,1,NA,NA,0,NA,NA,29,NA,0,12,NA,NA,1,2,0,0,0,NA,NA,NA,NA,NA,NA,NA,NA,NA,"NULL",NA,NA,1,4,4,54831,106,1942,-0.736625,0,1,0,0,0,0,0,0,0
"761","1941-166","1941-166-01","1941-166-01-01","1941-166-01-01-01","4/13/1942",5,"316 U.S. 642","62 S. Ct. 1031","86 L. Ed. 1727","1942 U.S. LEXIS 727",1941,1202,"Stone","745","SCHENECTADY UNION PUB. CO. v. SWEENEY","3/31/1942","",501,NA,501,NA,1,NA,NA,0,NA,NA,22,NA,NA,12,NA,NA,1,2,0,0,0,0,NA,NA,NA,NA,NA,NA,NA,NA,"NULL",NA,NA,1,4,4,54845,108,1942,-0.736625,0,1,0,0,0,0,0,0,0
"764","1941-071","1941-071-01","1941-071-01-01","1941-071-01-01-01","4/27/1942",1,"316 U.S. 129","62 S. Ct. 993","86 L. Ed. 1322","1942 U.S. LEXIS 1141",1941,1202,"Stone","962","GOLDMAN v. UNITED STATES","2/5/1942","",126,NA,27,NA,1,NA,NA,0,96,NA,22,NA,0,12,2,1,1,2,0,0,0,0,10160,1,1,0,3,NA,2,213,"NULL",76,76,1,5,3,54859,109,1942,-0.987,0,1,0,0,0,0,0,5.143,0
"811","1942-017","1942-017-01","1942-017-01-01","1942-017-01-01-01","7/31/1942",1,"317 U.S. 1","63 S. Ct. 2","87 L. Ed. 3","1942 U.S. LEXIS 1119",1942,1202,"Stone","1","ex parte QUIRIN et al.","7/29/1942","",106,NA,27,NA,1,NA,NA,0,55,NA,32,NA,0,10,NA,1,1,2,0,0,0,0,10020,1,1,0,3,NA,9,900,"NULL",74,74,1,8,0,54954,115,1942,-0.354571428571429,0,1,0,0,0,0,0,5.208,0
"812","1942-171","1942-171-01","1942-171-01-01","1942-171-01-01-01","10/26/1942",5,"317 U.S. 595","63 S. Ct. 76","87 L. Ed. 487","1942 U.S. LEXIS 162",1942,1202,"Stone","9","UNITED STATES v. CONSUMERS PAPER CO.","10/16/1942","",27,NA,501,NA,1,NA,NA,NA,3,NA,3,NA,0,12,NA,NA,1,2,0,0,0,0,NA,NA,NA,NA,NA,NA,NA,NA,"NULL",NA,NA,1,4,4,55041,116,1942,-0.515125,0,1,0,0,0,0,0,0,0
"935","1942-153","1942-153-01","1942-153-01-01","1942-153-01-01-01","5/3/1943",6,"319 U.S. 103","63 S. Ct. 890","87 L. Ed. 1290","1943 U.S. LEXIS 710",1942,1202,"Stone","280","JONES v. OPELIKA","2/5/1942","3/10/1943",501,NA,501,NA,1,NA,NA,0,302,1,300,1,1,12,2,2,4,2,0,0,1,0,30020,3,2,0,3,NA,9,900,"NULL",NA,74,1,9,0,55230,134,1943,-0.581555555555556,0,1,0,0,0,0,0,5.208,0
"971","1942-059","1942-059-01","1942-059-01-01","1942-059-01-01-01","6/14/1943",1,"319 U.S. 598","63 S. Ct. 1284","87 L. Ed. 1612","1943 U.S. LEXIS 1130",1942,1202,"Stone","623","OKLAHOMA TAX COMMISSION v. UNITED STATES","4/9/1943","",4,42,27,NA,1,117,42,0,105,NA,30,NA,0,10,4,2,1,3,0,1,1,0,20160,2,1,0,3,NA,9,900,"NULL",78,76,1,5,4,55272,140,1943,-0.9106,0,1,0,0,0,0,0,5.208,0
"978","1942-172","1942-172-01","1942-172-01-01","1942-172-01-01-01","6/14/1943",5,"319 U.S. 732","63 S. Ct. 1430","87 L. Ed. 1694","1943 U.S. LEXIS 1218",1942,1202,"Stone","28","WASHINGTON TERMINAL CO. v. BOSWELL","10/19/1942","3/8/1943",501,NA,501,NA,1,NA,NA,0,NA,NA,32,NA,0,12,NA,NA,1,2,0,0,0,0,NA,NA,NA,NA,NA,NA,NA,NA,"NULL",NA,NA,1,4,4,55272,140,1943,-0.515125,0,1,0,0,0,0,0,0,0
"983","1943-024","1943-024-01","1943-024-01-01","1943-024-01-01-01","10/18/1943",2,"320 U.S. 219","64 S. Ct. 13","88 L. Ed. 3","1943 U.S. LEXIS 230",1943,1202,"Stone","","ex parte ABERNATHY","","",501,NA,501,NA,14,NA,NA,0,NA,NA,NA,NA,0,1,NA,1,1,9,0,0,0,0,10020,1,1,0,3,NA,9,900,"NULL",NA,74,1,9,0,55398,142,1943,-0.498222222222222,0,1,0,0,0,0,0,5.21,0
"990","1943-138","1943-138-01","1943-138-01-01","1943-138-01-01-01","11/8/1943",5,"320 U.S. 711","64 S. Ct. 187","88 L. Ed. 417","1943 U.S. LEXIS 148",1943,1202,"Stone","21","UNITED STATES EX REL. BRENSILBER v. BAUSCH & LOMB OPTICAL CO.","10/13/1943","",501,NA,501,NA,1,NA,NA,NA,NA,NA,22,NA,0,12,NA,NA,1,2,0,0,0,0,NA,NA,NA,NA,NA,NA,NA,NA,"NULL",NA,NA,1,4,4,55419,143,1943,-0.578,0,1,0,0,0,0,0,0,0
"1004","1943-026","1943-026-01","1943-026-01-01","1943-026-01-01-01","12/6/1943",1,"320 U.S. 383","64 S. Ct. 176","88 L. Ed. 116","1943 U.S. LEXIS 62",1943,1202,"Stone","5 ORIG","COLORADO v. KANSAS et al.","10/11/1943","",28,7,28,20,9,NA,NA,0,NA,NA,NA,NA,0,1,NA,NA,1,9,0,0,0,0,90420,9,2,0,5,NA,9,900,"NULL",76,74,1,9,0,55447,146,1943,-0.498222222222222,0,1,0,0,0,0,0,5.21,0
"1005","1943-139","1943-139-01","1943-139-01-01","1943-139-01-01-01","12/6/1943",5,"320 U.S. 714","64 S. Ct. 257","88 L. Ed. 419","1943 U.S. LEXIS 1225",1943,1202,"Stone","49","FORD MOTOR CO. v. GORDON FORM LATHE CO.","11/8/1943","",501,NA,501,NA,1,NA,NA,0,NA,NA,26,NA,0,12,NA,NA,1,2,0,0,0,NA,NA,NA,NA,NA,NA,NA,NA,NA,"NULL",NA,NA,1,4,4,55447,146,1943,-0.347,0,1,0,0,0,0,0,0,0
"1032","1943-140","1943-140-01","1943-140-01-01","1943-140-01-01-01","1/17/1944",5,"321 U.S. 743","64 S. Ct. 484","88 L. Ed. 1047","1944 U.S. LEXIS 1129",1943,1202,"Stone","209","UNITED STATES v. WATERHOUSE et al.","1/5/1944","",27,NA,501,NA,1,NA,NA,0,NA,NA,29,NA,0,12,NA,NA,1,2,0,0,0,0,NA,NA,NA,NA,NA,NA,NA,NA,"NULL",NA,NA,1,4,4,55489,151,1944,-0.578,0,1,0,0,0,0,0,0,0
"1055","1943-141","1943-141-01","1943-141-01-01","1943-141-01-01-01","3/13/1944",5,"321 U.S. 753","64 S. Ct. 779","88 L. Ed. 1053","1944 U.S. LEXIS 945",1943,1202,"Stone","388","CORAL GABLES v. WRIGHT, DOING BUSINESS AS ED. C. WRIGHT & CO., et al.","2/10/1944","",501,NA,501,NA,1,NA,NA,0,NA,NA,25,NA,0,12,NA,NA,1,2,0,0,0,0,NA,NA,NA,NA,NA,NA,NA,NA,"NULL",NA,NA,1,4,4,55545,157,1944,-0.253875,0,1,0,0,0,0,0,0,0
"1096","1943-101","1943-101-01","1943-101-01-01","1943-101-01-01-01","5/15/1944",1,"322 U.S. 275","64 S. Ct. 988","88 L. Ed. 1271","1944 U.S. LEXIS 1366",1943,1202,"Stone","130","DOUGLAS v. COMMISSIONER OF INTERNAL REVENUE","3/7/1944","",240,NA,369,NA,1,69,NA,0,28,NA,28,NA,0,11,6,2,1,2,0,0,0,0,120010,12,2,0,3,NA,6,600,"tax law",79,74,1,6,2,55608,164,1944,-0.293833333333333,0,1,0,0,0,0,0,5.21,0
"1118","1943-078","1943-078-01","1943-078-01-01","1943-078-01-01-01","6/5/1944",4,"322 U.S. 654","64 S. Ct. 1202","88 L. Ed. 1518","1944 U.S. LEXIS 1285",1943,1202,"Stone","9 ORIG","KANSAS v. MISSOURI","","",28,20,28,30,9,NA,NA,0,NA,NA,NA,NA,0,1,NA,NA,1,NA,0,2,0,0,110010,11,3,0,3,NA,9,900,"NULL",NA,74,1,9,0,55629,167,1944,-0.498222222222222,0,1,0,0,0,0,0,5.21,0
"1167","1944-163","1944-163-01","1944-163-01-01","1944-163-01-01-01","1/8/1945",5,"323 U.S. 682","65 S. Ct. 437","89 L. Ed. 553","1945 U.S. LEXIS 2542",1944,1202,"Stone","192","GIESE v. UNITED STATES","12/14/1944","",501,NA,27,NA,1,NA,NA,0,NA,NA,32,NA,0,12,NA,NA,1,2,0,0,0,0,NA,NA,NA,NA,NA,NA,NA,NA,"NULL",NA,NA,1,4,4,55846,175,1945,-0.178375,0,1,0,0,0,0,0,0,0
"1210","1944-164","1944-164-01","1944-164-01-01","1944-164-01-01-01","3/12/1945",5,"324 U.S. 826","65 S. Ct. 855","89 L. Ed. 1394","1945 U.S. LEXIS 2336",1944,1202,"Stone","55","PACIFIC GAS & ELECTRIC CO. v. SECURITIES & EXCHANGE COMMISSION","12/4/1944","",148,NA,405,NA,1,NA,NA,0,NA,NA,29,NA,0,12,NA,NA,1,2,0,0,0,0,NA,NA,NA,NA,NA,NA,NA,NA,"NULL",NA,NA,1,4,4,55909,182,1945,-0.178375,0,1,0,0,0,0,0,0,0
"1330","1945-137","1945-137-01","1945-137-01-01","1945-137-01-01-01","1/28/1946",5,"326 U.S. 696","66 S. Ct. 485","90 L. Ed. 410","1946 U.S. LEXIS 3139",1945,1203,"Stone","290","HALLIBURTON OIL WELL CEMENTING CO. v. WALKER et al., DOING BUSINESS AS DEPTHOGRAPH COMPANY","1/9/1946","",501,NA,501,NA,1,NA,NA,0,NA,NA,29,NA,0,12,NA,NA,1,2,0,0,0,0,NA,NA,NA,NA,NA,NA,NA,NA,"NULL",NA,NA,1,4,4,56231,202,1946,-0.572875,0,1,0,0,0,0,0,0,0
"1342","1945-138","1945-138-01","1945-138-01-01","1945-138-01-01-01","2/11/1946",5,"327 U.S. 758","66 S. Ct. 527","90 L. Ed. 992","1946 U.S. LEXIS 2777",1945,1203,"Stone","402","BRUCE'S JUICES, INC. v. AMERICAN CAN CO.","1/29/1946","",501,NA,501,NA,1,NA,NA,0,NA,NA,300,12,0,12,NA,NA,1,2,0,0,0,0,NA,NA,NA,NA,NA,NA,NA,NA,"NULL",NA,NA,1,4,4,56245,204,1946,-0.572875,0,1,0,0,0,0,0,0,0
"1343","1945-139","1945-139-01","1945-139-01-01","1945-139-01-01-01","2/11/1946",5,"327 U.S. 758","66 S. Ct. 527","90 L. Ed. 992","1946 U.S. LEXIS 3135",1945,1203,"Stone","410","MACGREGOR v. WESTINGHOUSE ELECTRIC & MANUFACTURING CO.","1/31/1946","",501,NA,501,NA,1,NA,NA,0,NA,NA,300,45,0,12,NA,NA,1,2,0,0,0,0,NA,NA,NA,NA,NA,NA,NA,NA,"NULL",NA,NA,1,4,4,56245,204,1946,-0.572875,0,1,0,0,0,0,0,0,0
"1424","1945-132","1945-132-01","1945-132-01-01","1945-132-01-01-01","6/10/1946",1,"328 U.S. 575","66 S. Ct. 1176","90 L. Ed. 1447","1946 U.S. LEXIS 3153",1945,1203,"Stone","48","UNIVERSAL OIL PRODUCTS CO. v. ROOT REFINING CO.","10/15/1945","",172,NA,198,NA,1,NA,NA,0,54,NA,23,NA,0,10,4,1,1,4,0,1,0,0,60010,6,2,0,3,NA,9,900,"NULL",80,78,1,6,0,56364,217,1946,-0.651333333333333,0,1,0,0,0,0,0,2.838,0
"1505","1946-144","1946-144-01","1946-144-01-01","1946-144-01-01-01","3/31/1947",5,"330 U.S. 806","67 S. Ct. 1078","91 L. Ed. 1263","1947 U.S. LEXIS 2475",1946,1301,"Vinson","253","UNITED STATES v. PULLMAN COMPANY et al.","3/11/1947","",27,NA,501,NA,2,NA,NA,1,109,NA,109,NA,0,1,NA,NA,1,2,0,0,0,0,NA,NA,NA,NA,NA,NA,NA,NA,NA,NA,NA,1,4,4,56658,233,1947,-0.5465,0,0,1,0,0,0,0,0,0
"1650","1947-119","1947-119-01","1947-119-01-01","1947-119-01-01-01","5/17/1948",5,"334 U.S. 816","68 S. Ct. 1082","92 L. Ed. 2d 1747","1948 U.S. LEXIS 2178",1947,1301,"Vinson","328","PARKER v. ILLINOIS","2/13/1948","",501,NA,28,17,1,NA,NA,0,NA,NA,300,17,0,12,NA,NA,1,2,0,0,0,0,NA,NA,NA,NA,NA,NA,NA,NA,NA,NA,NA,1,4,4,57071,264,1948,-0.493625,0,0,1,0,0,0,0,0,0
"1687","1948-171","1948-171-01","1948-171-01-01","1948-171-01-01-01","10/25/1948",5,"335 U.S. 848","69 S. Ct. 79","93 L. Ed. 2d 398","1948 U.S. LEXIS 1643",1948,1301,"Vinson","11","DOUBLEDAY & CO., INC. v. NEW YORK","10/21/1948","",117,NA,28,37,2,NA,NA,0,NA,NA,300,37,0,1,NA,NA,1,2,0,0,0,0,NA,NA,NA,NA,NA,NA,NA,NA,NA,NA,NA,1,4,4,57232,271,1948,-0.359,0,0,1,0,0,0,0,0,0
"1703","1948-172","1948-172-01","1948-172-01-01","1948-172-01-01-01","12/20/1948",5,"335 U.S. 895","69 S. Ct. 299","93 L. Ed. 2d 431","1948 U.S. LEXIS 2854",1948,1301,"Vinson","59","MARZANI v. UNITED STATES","12/8/1948","",501,NA,27,NA,1,NA,NA,0,NA,NA,32,NA,0,12,NA,NA,1,2,0,0,0,0,NA,NA,NA,NA,NA,NA,NA,NA,NA,NA,NA,1,4,4,57288,277,1948,-0.063875,0,0,1,0,0,0,0,0,0
"1723","1948-170","1948-170-01","1948-170-01-01","1948-170-01-01-01","2/7/1949",5,"336 U.S. 907","69 S. Ct. 510","93 L. Ed. 2d 1072","1949 U.S. LEXIS 2777",1948,1301,"Vinson","121","TAYLOR v. DENNIS, WARDEN.","1/31/1949","",501,NA,501,NA,1,NA,NA,0,41,NA,25,NA,0,12,2,NA,1,2,0,NA,0,0,NA,NA,NA,NA,NA,NA,NA,NA,NA,NA,NA,1,4,4,57337,281,1949,-0.079875,0,0,1,0,0,0,0,0,0
"1759","1948-146","1948-146-01","1948-146-01-01","1948-146-01-01-01","4/25/1949",5,"336 U.S. 956","69 S. Ct. 888","93 L. Ed. 2d 1110","1949 U.S. LEXIS 3081",1948,1301,"Vinson","464","CLAYTON MARK & CO. et al. v. FEDERAL TRADE COMMISSION.","3/31/1949","",501,NA,357,NA,1,NA,NA,0,NA,NA,27,NA,0,12,NA,NA,1,2,0,NA,0,0,NA,NA,NA,NA,NA,NA,NA,NA,NA,NA,NA,1,4,4,57414,289,1949,-0.4395,0,0,1,0,0,0,0,0,0
"1762","1948-173","1948-173-01","1948-173-01-01","1948-173-01-01-01","5/2/1949",5,"336 U.S. 963","69 S. Ct. 936","93 L. Ed. 2d 1115","1949 U.S. LEXIS 2454",1948,1301,"Vinson","567","STEMMER v. NEW YORK","4/22/1949","",501,NA,28,37,1,NA,NA,0,NA,NA,300,37,0,12,NA,NA,1,2,0,0,0,0,NA,NA,NA,NA,NA,NA,NA,NA,NA,NA,NA,1,4,4,57421,290,1949,-0.4395,0,0,1,0,0,0,0,0,0
"1880","1949-112","1949-112-01","1949-112-01-01","1949-112-01-01-01","4/24/1950",5,"339 U.S. 940","70 S. Ct. 793","94 L. Ed. 2d 1356","1950 U.S. LEXIS 2598",1949,1303,"Vinson","490","UNITED STATES v. COTTON VALLEY OPERATORS COMMITTEE et al.","4/18/1950","",27,NA,NA,NA,2,NA,NA,NA,77,NA,77,NA,0,1,NA,NA,1,2,0,NA,0,0,NA,NA,NA,NA,NA,NA,NA,NA,NA,NA,NA,1,4,4,57778,314,1950,0.327,0,0,1,0,0,0,0,0,0
"1913","1950-156","1950-156-01","1950-156-01-01","1950-156-01-01-01","10/23/1950",5,"340 U.S. 857","71 S. Ct. 87","95 L. Ed. 2d 628","1950 U.S. LEXIS 1471",1950,1303,"Vinson","19","GARA v. UNITED STATES.","10/13/1950","",501,NA,27,NA,1,NA,NA,0,NA,NA,27,NA,0,12,NA,NA,1,2,0,NA,0,0,NA,NA,NA,NA,NA,NA,NA,NA,NA,NA,NA,1,4,4,57960,319,1950,0.382,0,0,1,0,0,0,0,0,0
"1920","1950-152","1950-152-01","1950-152-01-01","1950-152-01-01-01","11/13/1950",5,"340 U.S. 880","71 S. Ct. 192","95 L. Ed. 2d 639","1950 U.S. LEXIS 1411",1950,1303,"Vinson","5","COMPAGNA et al. v. HIATT, WARDEN.","10/9/1950","",501,NA,501,NA,1,NA,NA,0,NA,NA,25,NA,0,12,NA,NA,1,2,0,NA,0,0,NA,NA,NA,NA,NA,NA,NA,NA,NA,NA,NA,1,4,4,57981,321,1950,0.382,0,0,1,0,0,0,0,0,0
"1934","1950-145","1950-145-01","1950-145-01-01","1950-145-01-01-01","12/11/1950",5,"340 U.S. 898","71 S. Ct. 278","95 L. Ed. 2d 651","1950 U.S. LEXIS 1316",1950,1303,"Vinson","898","UNITED STATES v. PENNER INSTALLATION CORP.","11/30/1950","",27,NA,501,NA,1,NA,NA,0,3,NA,3,NA,0,12,NA,NA,1,2,0,NA,0,0,NA,NA,NA,NA,NA,NA,NA,NA,NA,NA,NA,1,4,4,58009,324,1950,0.362,0,0,1,0,0,0,0,0,0
"1985","1950-114","1950-114-01","1950-114-01-01","1950-114-01-01-01","4/30/1951",5,"341 U.S. 918","71 S. Ct. 669","95 L. Ed. 2d 1352","1951 U.S. LEXIS 1926",1950,1303,"Vinson","49","BAILEY v. RICHARDSON et al.","10/11/1950","",501,NA,501,NA,1,NA,NA,0,NA,NA,32,NA,0,12,NA,NA,1,2,0,NA,0,0,NA,NA,NA,NA,NA,NA,NA,NA,NA,NA,NA,1,4,4,58149,334,1951,0.382,0,0,1,0,0,0,0,0,0
"2016","1951-156","1951-156-01","1951-156-01-01","1951-156-01-01-01","10/15/1951",5,"342 U.S. 845","72 S. Ct. 72","96 L. Ed. 2d 638","1951 U.S. LEXIS 1466",1951,1303,"Vinson","10","UNITED STATES EX REL. GIESE v. CHAMBERLIN, COMMANDING GENERAL, et al.","10/9/1951","",501,NA,501,NA,1,NA,NA,0,NA,NA,27,NA,0,12,NA,NA,1,2,0,NA,0,0,NA,NA,NA,NA,NA,NA,NA,NA,NA,NA,NA,1,4,4,58317,340,1951,0.35775,0,0,1,0,0,0,0,0,0
"2048","1951-157","1951-157-01","1951-157-01-01","1951-157-01-01-01","1/14/1952",5,"342 U.S. 911","72 S. Ct. 305","96 L. Ed. 2d 682","1952 U.S. LEXIS 2538",1951,1303,"Vinson","46","UNITED STATES v. JORDAN et al.","11/27/1951","",27,NA,501,NA,1,NA,NA,0,NA,NA,27,NA,0,12,NA,NA,1,2,0,0,0,0,NA,NA,NA,NA,NA,NA,NA,NA,NA,NA,NA,1,4,4,58408,348,1952,0.52925,0,0,1,0,0,0,0,0,0
"2055","1951-158","1951-158-01","1951-158-01-01","1951-158-01-01-01","1/28/1952",5,"342 U.S. 916","72 S. Ct. 363","96 L. Ed. 2d 685","1952 U.S. LEXIS 2487",1951,1303,"Vinson","169","MCGRATH, ATTORNEY GENERAL, SUCCESSOR TO THE ALIEN PROPERTY CUSTODIAN, v. NAGANO","11/29/1951","",1,NA,501,NA,1,NA,NA,0,NA,NA,27,NA,0,12,NA,NA,1,2,0,NA,0,0,NA,NA,NA,NA,NA,NA,NA,NA,NA,NA,NA,1,4,4,58422,349,1952,0.391875,0,0,1,0,0,0,0,0,0
"2078","1951-159","1951-159-01","1951-159-01-01","1951-159-01-01-01","3/10/1952",5,"342 U.S. 950","72 S. Ct. 623","96 L. Ed. 2d 706","1952 U.S. LEXIS 2346",1951,1303,"Vinson","134","A/S J. LUDWIG MOWINCKELS REDERI et al. v. ISBRANDTSEN CO., INC. et al.","1/29/1952","",501,NA,501,NA,2,NA,NA,1,96,NA,96,NA,0,1,NA,NA,1,2,0,0,0,0,NA,NA,NA,NA,NA,NA,NA,NA,NA,NA,NA,1,4,4,58464,352,1952,0.391875,0,0,1,0,0,0,0,0,0
"2090","1951-114","1951-114-01","1951-114-01-01","1951-114-01-01-01","4/21/1952",5,"343 U.S. 922","72 S. Ct. 756","96 L. Ed. 2d 1335","1952 U.S. LEXIS 2186",1951,1303,"Vinson","78","VON MOLTKE v. GILLIES, SUPERINTENDENT.","1/28/1952","",501,NA,501,NA,1,NA,NA,0,NA,NA,26,NA,0,12,NA,NA,1,2,0,NA,0,0,NA,NA,NA,NA,NA,NA,NA,NA,NA,NA,NA,1,4,4,58506,358,1952,0.391875,0,0,1,0,0,0,0,0,0
"2118","1952-159","1952-159-01","1952-159-01-01","1952-159-01-01-01","10/27/1952",5,"344 U.S. 861","73 S. Ct. 102","97 L. Ed. 2d 668","1952 U.S. LEXIS 2739",1952,1303,"Vinson","24","GULF RESEARCH & DEVELOPMENT CO. et al. v. LEAHY, U.S. DISTRICT JUDGE, et al.","10/21/1952","",501,NA,501,NA,1,NA,NA,0,NA,NA,23,NA,0,12,NA,NA,1,2,0,NA,0,0,NA,NA,NA,NA,NA,NA,NA,NA,NA,NA,NA,1,4,4,58695,367,1952,0.345625,0,0,1,0,0,0,0,0,0
"2119","1952-160","1952-160-01","1952-160-01-01","1952-160-01-01-01","10/27/1952",5,"344 U.S. 860","73 S. Ct. 102","97 L. Ed. 2d 668","1952 U.S. LEXIS 1616",1952,1303,"Vinson","13","UNITED STATES v. BELL AIRCRAFT CORP.","10/16/1952","",27,NA,501,NA,1,NA,NA,0,3,NA,3,NA,0,12,NA,NA,1,2,0,NA,0,0,NA,NA,NA,NA,NA,NA,NA,NA,NA,NA,NA,1,4,4,58695,367,1952,0.417125,0,0,1,0,0,0,0,0,0
"2120","1952-161","1952-161-01","1952-161-01-01","1952-161-01-01-01","10/27/1952",5,"341 U.S. 861","73 S. Ct. 102","97 L. Ed. 2d 668","1952 U.S. LEXIS 2740",1952,1303,"Vinson","25","CARDOX CORP. v. C-O-TWO FIRE EQUIPMENT CO.","10/21/1952","",501,NA,501,NA,1,NA,NA,0,NA,NA,27,NA,0,12,NA,NA,1,2,0,0,0,0,NA,NA,NA,NA,NA,NA,NA,NA,NA,NA,NA,1,4,4,58695,367,1952,0.345625,0,0,1,0,0,0,0,0,0
"2154","1952-143","1952-143-01","1952-143-01-01","1952-143-01-01-01","1/12/1953",5,"344 U.S. 916","73 S. Ct. 345","97 L. Ed. 2d 707","1953 U.S. LEXIS 2489",1952,1303,"Vinson","218","MARTINEZ v. NEELLY, SUCCESSOR TO JORDAN, DISTRICT DIRECTOR, IMMIGRATION AND NATURALIZATION SERVICE.","1/5/1953","",501,NA,501,NA,1,NA,NA,0,NA,NA,27,NA,0,12,NA,NA,1,2,0,NA,0,0,NA,NA,NA,NA,NA,NA,NA,NA,NA,NA,NA,1,4,4,58772,374,1953,0.3835,0,0,1,0,0,0,0,0,0
"2207","1952-128","1952-128-01","1952-128-01-01","1952-128-01-01-01","5/4/1953",5,"345 U.S. 946","73 S. Ct. 863","97 L. Ed. 2d 1371","1953 U.S. LEXIS 2690",1952,1303,"Vinson","566","HARRISON, COLLECTOR OF INTERNAL REVENUE, v. BOHNEN, EXECUTOR, et al.","4/29/1953","",369,NA,501,NA,1,NA,NA,0,NA,NA,25,NA,0,12,NA,NA,1,2,0,NA,0,0,NA,NA,NA,NA,NA,NA,NA,NA,NA,NA,NA,1,4,4,58884,383,1953,0.417125,0,0,1,0,0,0,0,0,0
"2234","1952-123","1952-123-01","1952-123-01-01","1952-123-01-01-01","6/15/1953",5,"345 U.S. 979","73 S. Ct. 1129","97 L. Ed. 2d 1393","1953 U.S. LEXIS 1905",1952,1303,"Vinson","527","UNITED STATES v. KLINGER et al.","5/5/1953","",27,NA,501,NA,1,NA,NA,0,NA,NA,27,NA,0,12,NA,NA,1,2,0,NA,0,0,NA,NA,NA,NA,NA,NA,NA,NA,NA,NA,NA,1,4,4,58926,388,1953,0.417125,0,0,1,0,0,0,0,0,0
"2255","1953-028","1953-028-01","1953-028-01-01","1953-028-01-01-01","12/7/1953",6,"346 U.S. 906","74 S. Ct. 236","98 L. Ed. 2d 404","1953 U.S. LEXIS 1385",1953,1401,"Warren","61","NEVADA AND NEW YORK v. STACHER.","11/12/1953","",28,33,100,NA,1,NA,NA,0,302,33,302,33,0,12,1,2,1,3,0,1,0,0,10020,1,1,0,7,NA,NA,NA,"",NA,90,1,9,0,59101,394,1953,0.134666666666667,0,0,0,1,0,0,0,4.475,0
"2256","1953-029","1953-029-01","1953-029-01-01","1953-029-01-01-01","12/7/1953",6,"346 U.S. 906","74 S. Ct. 237","98 L. Ed. 2d 405","1953 U.S. LEXIS 1386",1953,1401,"Warren","241","TOM WE SHUNG v. BROWNELL, ATTORNEY GENERAL, et al.","12/3/1953","",106,NA,1,NA,1,NA,NA,0,55,NA,32,NA,0,12,NA,2,1,5,0,1,0,0,20110,2,1,0,7,NA,NA,NA,"",NA,90,1,6,3,59101,394,1953,0.796333333333333,0,0,0,1,0,0,0,1.517,0
"2263","1953-030","1953-030-01","1953-030-01-01","1953-030-01-01-01","1/11/1954",5,"346 U.S. 929","74 S. Ct. 319","98 L. Ed. 2d 421","1954 U.S. LEXIS 2533",1953,1401,"Warren","300","BROWNELL, ATTORNEY GENERAL, v. RUBINSTEIN.","1/7/1954","",1,NA,501,NA,1,NA,NA,0,55,NA,32,NA,0,12,NA,2,1,2,0,0,0,0,NA,NA,2,0,3,NA,NA,NA,"",NA,NA,1,4,4,59136,397,1954,0.074375,0,0,0,1,0,0,0,0,0
"2268","1953-032","1953-032-01","1953-032-01-01","1953-032-01-01-01","1/18/1954",6,"346 U.S. 932","74 S. Ct. 376","98 L. Ed. 2d 423","1954 U.S. LEXIS 2507",1953,1401,"Warren","435","NORTH v. FLORIDA","1/12/1954","",100,NA,28,12,1,NA,NA,0,302,12,300,12,1,12,2,1,1,2,0,0,0,0,10330,1,1,0,3,NA,NA,NA,"",NA,90,1,9,0,59143,398,1954,0.134666666666667,0,0,0,1,0,0,0,4.475,0
"2269","1953-033","1953-033-01","1953-033-01-01","1953-033-01-01-01","1/18/1954",6,"346 U.S. 932","74 S. Ct. 374","98 L. Ed. 2d 423","1954 U.S. LEXIS 2506",1953,1401,"Warren","128","COUNTY BOARD OF ARLINGTON COUNTY et al.  v. STATE MILK COMMISSION.","1/4/1954","",5,55,4,55,2,NA,NA,0,302,55,300,55,0,1,NA,2,1,2,0,0,0,0,80350,8,2,0,7,NA,NA,NA,"",NA,90,1,8,1,59143,398,1954,0.3365,0,0,0,1,0,0,0,4.475,0
"2280","1953-085","1953-085-01","1953-085-01-01","1953-085-01-01-01","2/8/1954",6,"347 U.S. 909","74 S. Ct. 474","98 L. Ed. 2d 1066","1954 U.S. LEXIS 2429",1953,1401,"Warren","335","GENERAL ELECTRIC CO. et al. v. WASHINGTON.","2/2/1954","",147,NA,28,56,2,NA,NA,0,302,56,300,56,0,1,NA,2,1,3,0,1,0,0,80100,8,1,0,7,NA,NA,NA,"",NA,90,1,9,0,59164,400,1954,0.134666666666667,0,0,0,1,0,0,0,4.475,0
"2281","1953-086","1953-086-01","1953-086-01-01","1953-086-01-01-01","2/8/1954",6,"347 U.S. 909","74 S. Ct. 473","98 L. Ed. 2d 1067","1954 U.S. LEXIS 2430",1953,1401,"Warren","404","JACOBSON, ADMINISTRATRIX, v. NEW YORK, NEW HAVEN & HARTFORD RAILROAD CO.","2/3/1954","",208,NA,231,NA,1,NA,NA,0,80,NA,21,NA,0,12,9,1,1,2,0,0,0,0,80050,8,1,0,7,NA,NA,NA,"",NA,90,1,9,0,59164,400,1954,0.134666666666667,0,0,0,1,0,0,0,4.475,0
"2282","1953-087","1953-087-01","1953-087-01-01","1953-087-01-01-01","2/8/1954",6,"347 U.S. 909","74 S. Ct. 473","98 L. Ed. 2d 1067","1954 U.S. LEXIS 2431",1953,1401,"Warren","318","GORDON et al. v.  UNITED STATES","1/11/1954","",233,NA,27,NA,1,NA,NA,0,NA,NA,30,NA,0,12,NA,1,1,4,0,1,0,0,10280,1,2,0,3,NA,NA,NA,"",NA,90,1,9,0,59164,400,1954,0.134666666666667,0,0,0,1,0,0,0,4.475,0
"2294","1953-088","1953-088-01","1953-088-01-01","1953-088-01-01-01","3/15/1954",6,"347 U.S. 925","74 S. Ct. 528","98 L. Ed. 2d 1078","1954 U.S. LEXIS 2336",1953,1401,"Warren","423","BENTSEN et al. v. BLACKWELL et al.","3/9/1954","",501,NA,501,NA,1,NA,NA,0,NA,NA,25,NA,0,12,4,1,1,9,0,0,0,0,90200,9,1,0,3,NA,NA,NA,"",NA,90,1,9,0,59199,402,1954,0.134666666666667,0,0,0,1,0,0,0,4.475,0
"2329","1954-052","1954-052-01","1954-052-01-01","1954-052-01-01-01","11/15/1954",5,"348 U.S. 880","75 S. Ct. 122","99 L. Ed. 2d 693","1954 U.S. LEXIS 1484",1954,1402,"Warren","28","RICE v. SIOUX CITY MEMORIAL PARK CEMETERY, INC. et al.","11/8/1954","",222,NA,122,NA,1,NA,NA,0,302,19,300,19,0,12,2,1,1,2,0,0,0,0,20040,2,1,0,3,NA,NA,NA,"",NA,NA,1,4,4,59444,413,1954,-0.186,0,0,0,1,0,0,0,0,0
"2345","1954-053","1954-053-01","1954-053-01-01","1954-053-01-01-01","12/6/1954",6,"348 U.S. 891","75 S. Ct. 214","99 L. Ed. 2d 700","1954 U.S. LEXIS 1390",1954,1402,"Warren","120","REEVES v. ALABAMA.","11/15/1954","",100,NA,28,1,1,NA,NA,0,302,1,300,1,0,12,NA,1,1,3,0,1,0,0,10010,1,2,0,3,NA,NA,NA,"",NA,90,1,8,0,59465,415,1954,-0.186,0,0,0,1,0,0,0,5.132,0
"2357","1954-054","1954-054-01","1954-054-01-01","1954-054-01-01-01","2/7/1955",6,"348 U.S. 932","75 S. Ct. 354","99 L. Ed. 2d 731","1955 U.S. LEXIS 1187",1954,1402,"Warren","32","CALIFORNIA ex rel. BROWN, ATTORNEY GENERAL, et al. v. ST. LOUIS UNION TRUST CO.","1/31/1955","",28,6,113,NA,1,NA,NA,0,302,30,301,30,0,12,NA,1,1,9,0,0,0,0,90150,9,1,0,3,NA,5,508,"",NA,90,1,8,0,59528,418,1955,-0.186,0,0,0,1,0,0,0,5.132,0
"2358","1954-055","1954-055-01","1954-055-01-01","1954-055-01-01-01","2/7/1955",6,"348 U.S. 933","75 S. Ct. 354","99 L. Ed. 2d 731","1955 U.S. LEXIS 1188",1954,1402,"Warren","55","INDIANA DEPARTMENT OF STATE REVENUE, GROSS INCOME TAX DIVISION, v. NEBEKER.","2/1/1955","",7,18,25,18,1,NA,NA,0,302,18,300,18,1,12,2,1,3,2,0,0,0,0,80100,8,1,0,7,NA,NA,NA,"",NA,90,1,6,2,59528,418,1955,0.624166666666667,0,0,0,1,0,0,0,1.975,0
"2359","1954-056","1954-056-01","1954-056-01-01","1954-056-01-01-01","2/7/1955",6,"348 U.S. 933","75 S. Ct. 355","99 L. Ed. 2d 732","1955 U.S. LEXIS 1189",1954,1402,"Warren","179","COURTNEY et al. v. SCHROEDER.","2/4/1955","",215,NA,28,20,1,NA,NA,0,302,20,300,20,1,12,9,1,1,4,0,1,0,0,10080,1,2,0,3,NA,NA,NA,"",NA,90,1,8,0,59528,418,1955,-0.186,0,0,0,1,0,0,0,5.132,0
"2360","1954-057","1954-057-01","1954-057-01-01","1954-057-01-01-01","2/14/1955",6,"348 U.S. 940","75 S. Ct. 361","99 L. Ed. 2d 736","1955 U.S. LEXIS 1542",1954,1402,"Warren","80","FEDERAL TRADE COMMISSION v. RHODES PHARMACAL CO., INC. et al.","2/8/1955","",357,NA,144,NA,1,57,NA,0,27,NA,27,NA,0,12,2,1,1,4,0,1,0,0,80350,8,2,0,3,NA,NA,NA,"",NA,90,1,8,0,59535,419,1955,-0.186,0,0,0,1,0,0,0,5.132,0
"2361","1954-058","1954-058-01","1954-058-01-01","1954-058-01-01-01","2/14/1955",6,"348 U.S. 940","75 S. Ct. 362","99 L. Ed. 2d 736","1955 U.S. LEXIS 1166",1954,1402,"Warren","125","HARSH v. ILLINOIS TERMINAL RAILROAD CO.","2/8/1955","",145,NA,231,NA,1,NA,NA,0,302,17,300,17,0,12,4,2,1,3,0,1,0,0,90130,9,1,0,7,NA,NA,NA,"",NA,90,1,8,0,59535,419,1955,-0.186,0,0,0,1,0,0,0,5.132,0
"2365","1954-059","1954-059-01","1954-059-01-01","1954-059-01-01-01","2/28/1955",6,"348 U.S. 945","75 S. Ct. 436","99 L. Ed. 2d 740","1955 U.S. LEXIS 1114",1954,1402,"Warren","230","MITCHELL, SECRETARY OF LABOR, v. JOYCE AGENCY, INC.","2/4/1955","",371,NA,151,NA,1,71,NA,0,66,NA,27,NA,0,12,6,1,1,4,0,1,0,0,70040,7,2,0,7,NA,NA,NA,"",NA,90,1,8,0,59549,420,1955,-0.186,0,0,0,1,0,0,0,5.132,0
"2369","1954-060","1954-060-01","1954-060-01-01","1954-060-01-01-01","3/7/1955",6,"348 U.S. 956","75 S. Ct. 447","99 L. Ed. 2d 747","1955 U.S. LEXIS 1101",1954,1402,"Warren","105","O'NEILL v. BALTIMORE & OHIO RAILROAD CO.","3/2/1955","",501,NA,231,NA,1,NA,NA,0,NA,NA,26,NA,0,12,4,1,1,4,0,1,0,0,80350,8,2,0,3,NA,NA,NA,"",NA,90,1,8,0,59556,421,1955,-0.186,0,0,0,1,0,0,0,5.132,0
"2370","1954-061","1954-061-01","1954-061-01-01","1954-061-01-01-01","3/7/1955",6,"348 U.S. 956","75 S. Ct. 448","99 L. Ed. 2d 747","1955 U.S. LEXIS 1511",1954,1402,"Warren","368","MARCELLE v. ESTATE OF LUPIA et al.","3/4/1955","",27,NA,240,NA,1,NA,NA,0,94,NA,22,NA,0,12,1,1,1,2,0,0,0,0,120010,12,1,0,3,NA,NA,NA,"",NA,90,1,8,0,59556,421,1955,-0.186,0,0,0,1,0,0,0,5.132,0
"2376","1954-062","1954-062-01","1954-062-01-01","1954-062-01-01-01","3/14/1955",6,"348 U.S. 960","75 S. Ct. 522","99 L. Ed. 2d 749","1955 U.S. LEXIS 1488",1954,1402,"Warren","246","DIEHL v. LEHIGH VALLEY RAILROAD CO. et al.","2/28/1955","",250,NA,231,NA,1,NA,NA,0,109,NA,23,NA,0,12,2,1,1,3,0,1,0,0,20250,2,2,0,3,4,NA,NA,"",NA,90,1,7,1,59563,422,1955,-0.429571428571429,0,0,0,1,0,0,0,4.917,0
"2387","1954-063","1954-063-01","1954-063-01-01","1954-063-01-01-01","4/4/1955",6,"348 U.S. 978","75 S. Ct. 569","99 L. Ed. 2d 762","1955 U.S. LEXIS 978",1954,1403,"Warren","186","GENERAL DRIVERS, WAREHOUSEMEN, AND HELPERS, LOCAL UNION NO. 89, et al. v. AMERICAN TOBACCO CO., INC.","3/31/1955","",249,NA,151,NA,1,NA,NA,0,302,21,300,21,0,12,NA,1,1,3,0,1,0,0,100020,10,2,0,7,NA,NA,NA,"",NA,90,1,9,0,59584,424,1955,-0.069,0,0,0,1,0,0,0,5.132,0
"2388","1954-064","1954-064-01","1954-064-01-01","1954-064-01-01-01","4/4/1955",6,"348 U.S. 978","75 S. Ct. 569","99 L. Ed. 2d 762","1955 U.S. LEXIS 1453",1954,1403,"Warren","394","in re LEVY.","3/31/1955","",111,NA,6,60,1,NA,NA,0,121,NA,25,NA,0,12,2,1,1,4,0,1,0,0,60030,6,2,0,3,NA,NA,NA,"",NA,90,1,9,0,59584,424,1955,-0.069,0,0,0,1,0,0,0,5.132,0
"2393","1954-096","1954-096-01","1954-096-01-01","1954-096-01-01-01","4/11/1955",6,"349 U.S. 901","75 S. Ct. 576","99 L. Ed. 2d 1239","1955 U.S. LEXIS 944",1954,1403,"Warren","333","PINO v. LANDON, DISTRICT DIRECTOR, IMMIGRATION AND NATURALIZATION SERVICE.","3/30/1955","",106,NA,368,NA,1,68,NA,0,80,NA,21,NA,0,12,2,1,1,3,0,1,0,0,20110,2,2,0,4,NA,3,344,"",NA,90,1,9,0,59591,425,1955,-0.069,0,0,0,1,0,0,0,5.132,0
"2394","1954-098","1954-098-01","1954-098-01-01","1954-098-01-01-01","4/11/1955",5,"349 U.S. 902","75 S. Ct. 575","99 L. Ed. 2d 1239","1955 U.S. LEXIS 946",1954,1403,"Warren","213","INDIAN TOWING CO., INC. et al. v. UNITED STATES.","2/10/1955","",501,NA,27,NA,1,NA,NA,0,NA,NA,25,NA,0,12,NA,3,1,2,0,0,0,0,NA,NA,3,0,3,NA,NA,NA,"",NA,NA,1,4,4,59591,425,1955,-0.186,0,0,0,1,0,0,0,0,0
"2395","1954-099","1954-099-01","1954-099-01-01","1954-099-01-01-01","4/11/1955",5,"349 U.S. 901","75 S. Ct. 575","99 L. Ed. 2d 1239","1955 U.S. LEXIS 945",1954,1403,"Warren","157","RYAN STEVEDORING CO., INC. v. PANATLANTIC STEAMSHIP CORP.","3/3/1955","",501,NA,501,NA,1,NA,NA,0,NA,NA,22,NA,0,12,NA,NA,1,2,0,0,0,0,NA,NA,NA,NA,NA,NA,NA,NA,NA,NA,NA,1,4,4,59591,425,1955,-0.186,0,0,0,1,0,0,0,0,0
"2426","1955-057","1955-057-01","1955-057-01-01","1955-057-01-01-01","10/17/1955",6,"350 U.S. 857","76 S. Ct. 100","100 L. Ed. 2d 761","1955 U.S. LEXIS 273",1955,1403,"Warren","24","WILLIAMS v. UNITED STATES.","10/13/1955","",8,60,27,NA,1,NA,NA,0,50,NA,29,NA,0,12,2,1,1,5,0,1,0,0,80060,8,1,0,7,NA,NA,NA,NA,NA,90,1,9,0,59780,433,1955,-0.241222222222222,0,0,0,1,0,0,0,5.465,0
"2427","1955-058","1955-058-01","1955-058-01-01","1955-058-01-01-01","10/24/1955",6,"350 U.S. 868","76 S. Ct. 113","100 L. Ed. 2d 769","1955 U.S. LEXIS 239",1955,1403,"Warren","16","WALTON v. CALIFORNIA.","10/17/1955","",100,NA,28,6,1,NA,NA,0,302,6,301,6,0,12,2,1,1,9,0,0,0,0,90160,9,1,0,3,NA,NA,NA,"",NA,78,1,6,2,59787,434,1955,0.330666666666667,0,0,0,1,0,0,0,3.277,0
"2428","1955-059","1955-059-01","1955-059-01-01","1955-059-01-01-01","10/24/1955",6,"350 U.S. 869","76 S. Ct. 114","100 L. Ed. 2d 769","1955 U.S. LEXIS 1536",1955,1403,"Warren","25","LIQUID CARBONIC CORP. v. UNITED STATES","10/19/1955","",128,NA,27,NA,2,NA,NA,0,94,NA,94,NA,0,1,NA,1,1,4,0,1,0,0,80010,8,2,0,7,NA,NA,NA,"",NA,90,1,6,2,59787,434,1955,-0.766666666666667,0,0,0,1,0,0,0,5.244,0
"2429","1955-060","1955-060-01","1955-060-01-01","1955-060-01-01-01","10/24/1955",6,"350 U.S. 869","76 S. Ct. 114","100 L. Ed. 2d 769","1955 U.S. LEXIS 240",1955,1403,"Warren","29","NUKK et al. v. SHAUGHNESSY, DISTRICT DIRECTOR, IMMIGRATION AND NATURALIZATION SERVICE.","10/19/1955","",106,NA,368,NA,2,NA,NA,1,96,NA,96,NA,0,1,9,2,1,4,0,1,0,0,90250,9,1,0,1,NA,1,139,"",NA,90,1,9,0,59787,434,1955,-0.241222222222222,0,0,0,1,0,0,0,5.465,0
"2433","1955-061","1955-061-01","1955-061-01-01","1955-061-01-01-01","11/14/1955",6,"350 U.S. 891","76 S. Ct. 148","100 L. Ed. 2d 784","1955 U.S. LEXIS 1421",1955,1403,"Warren","44","MITCHELL, SECRETARY OF LABOR, v. MYRTLE GROVE PACKING CO.","11/10/1955","",371,NA,151,NA,1,NA,NA,0,75,NA,25,NA,0,12,2,1,1,3,0,1,0,0,70040,7,2,0,4,NA,3,334,"",NA,90,1,9,0,59808,436,1955,-0.241222222222222,0,0,0,1,0,0,0,5.465,0
"2441","1955-062","1955-062-01","1955-062-01-01","1955-062-01-01-01","12/12/1955",6,"350 U.S. 920","76 S. Ct. 210","100 L. Ed. 2d 806","1955 U.S. LEXIS 3",1955,1403,"Warren","111","GONZALES v. LANDON, DISTRICT DIRECTOR, IMMIGRATION AND NATURALIZATION SERVICE, et al.","12/7/1955","",106,NA,368,NA,1,NA,NA,0,NA,NA,29,NA,0,12,2,1,1,3,0,1,0,0,20280,2,2,0,4,NA,3,344,"",NA,90,1,9,0,59836,439,1955,-0.241222222222222,0,0,0,1,0,0,0,5.465,0
"2453","1955-063","1955-063-01","1955-063-01-01","1955-063-01-01-01","1/30/1956",6,"350 U.S. 955","76 S. Ct. 345","100 L. Ed. 2d 831","1956 U.S. LEXIS 1448",1955,1403,"Warren","13 ORIG","WISCONSIN v. TENNESSEE.","1/23/1956","",28,58,28,50,9,NA,NA,0,NA,NA,NA,NA,0,1,NA,NA,1,9,0,0,0,0,110020,11,3,0,3,NA,NA,NA,"",NA,90,1,8,0,59885,444,1956,-0.407875,0,0,0,1,0,0,0,5.465,0
"2454","1955-105","1955-105-01","1955-105-01-01","1955-105-01-01-01","1/30/1956",5,"350 U.S. 956","76 S. Ct. 345","100 L. Ed. 2d 832","1956 U.S. LEXIS 1449",1955,1403,"Warren","105","THOMPSON v. COASTAL OIL CO.","1/24/1956","",501,NA,501,NA,1,NA,NA,0,NA,NA,23,NA,0,12,NA,NA,1,2,0,0,0,0,NA,NA,NA,NA,NA,NA,NA,NA,NA,NA,NA,1,4,4,59885,444,1956,-0.407875,0,0,0,1,0,0,0,0,0
"2479","1955-106","1955-106-01","1955-106-01-01","1955-106-01-01-01","3/26/1956",5,"350 U.S. 990","76 S. Ct. 541","100 L. Ed. 2d 856","1956 U.S. LEXIS 1205",1955,1403,"Warren","201","HYUN v. LANDON, DISTRICT DIRECTOR, IMMIGRATION AND NATURALIZATION SERVICE","3/5/1956","",501,NA,368,NA,1,NA,NA,0,NA,NA,29,NA,0,12,NA,NA,1,2,0,0,0,0,NA,NA,NA,NA,NA,NA,NA,NA,NA,NA,NA,1,4,4,59941,448,1956,-0.276,0,0,0,1,0,0,0,0,0
"2482","1955-064","1955-064-01","1955-064-01-01","1955-064-01-01-01","4/2/1956",6,"350 U.S. 1003","76 S. Ct. 648","100 L. Ed. 2d 866","1956 U.S. LEXIS 1167",1955,1403,"Warren","66","RIVERBANK LABORATORIES v. HARDWOOD PRODUCTS CORP.","1/16/1956","",128,NA,184,NA,1,NA,NA,0,66,NA,27,NA,0,12,3,1,1,4,0,1,0,0,90140,9,2,0,3,NA,NA,NA,"",NA,90,1,8,0,59948,449,1956,-0.407875,0,0,0,1,0,0,0,5.465,0
"2500","1955-104","1955-104-01","1955-104-01-01","1955-104-01-01-01","4/30/1956",6,"351 U.S. 916","76 S. Ct. 709","100 L. Ed. 2d 1449","1956 U.S. LEXIS 1817",1955,1403,"Warren","555","SUGDEN et ux. v. UNITED STATES.","4/25/1956","",152,NA,27,NA,1,NA,NA,0,NA,NA,29,NA,0,12,3,3,1,2,0,0,0,0,10480,1,1,0,4,NA,3,344,NA,NA,90,1,6,3,59976,452,1956,0.552,0,0,0,1,0,0,0,2.395,0
"2533","1956-007","1956-007-01","1956-007-01-01","1956-007-01-01-01","11/13/1956",6,"352 U.S. 903","77 S. Ct. 144","1 L. Ed. 2d 114","1956 U.S. LEXIS 1838",1956,1404,"Warren","2","HOLOPHANE CO., INC., v. UNITED STATES.","11/5/1956","",184,NA,27,NA,2,NA,NA,0,104,NA,104,NA,0,1,NA,2,1,2,0,0,0,0,80010,8,2,0,3,NA,NA,NA,"",NA,90,1,8,0,60173,462,1956,-0.703375,0,0,0,1,0,0,0,5.888,0
"2555","1956-032","1956-032-01","1956-032-01-01","1956-032-01-01-01","1/21/1957",6,"352 U.S. 978","77 S. Ct. 380","1 L. Ed. 2d 363","1957 U.S. LEXIS 1434",1956,1404,"Warren","75","UNITED STATES v. SCHNEER'S ATLANTA, INC.","1/15/1957","",27,NA,238,NA,1,NA,NA,0,60,NA,25,NA,0,12,4,2,1,3,0,1,0,0,90320,9,1,0,4,NA,6,600,"50 U.S.C. § 2156",NA,90,1,9,0,60242,468,1957,-0.482666666666667,0,0,0,1,0,0,0,5.909,0
"2577","1956-049","1956-049-01","1956-049-01-01","1956-049-01-01-01","2/28/1957",6,"352 U.S. 1020","77 S. Ct. 587","1 L. Ed. 2d 562","1957 U.S. LEXIS 1642",1956,1405,"Warren","153","OLIN MATHIESON CHEMICAL CORP. v. NATIONAL LABOR RELATIONS BOARD.","2/28/1957","",151,NA,382,NA,1,82,NA,0,24,NA,24,NA,1,12,2,2,1,2,0,0,0,0,70080,7,2,0,3,NA,NA,NA,"",NA,90,1,8,0,60280,472,1957,-0.648625,0,0,0,1,0,0,0,5.909,0
"2579","1956-054","1956-054-01","1956-054-01-01","1956-054-01-01-01","3/4/1957",5,"352 U.S. 1020","77 S. Ct. 588","1 L. Ed. 2d 595","1957 U.S. LEXIS 1225",1956,1405,"Warren","265","UNITED STATES v. AMERICAN FREIGHTWAYS CO.","1/23/1957","",27,NA,245,NA,2,NA,NA,0,96,NA,96,NA,0,1,NA,2,1,2,0,0,0,0,10570,1,2,0,3,NA,NA,NA,"",NA,NA,1,4,4,60284,473,1957,-0.648625,0,0,0,1,0,0,0,0,0
"2582","1956-052","1956-052-01","1956-052-01-01","1956-052-01-01-01","3/11/1957",6,"352 U.S. 1027","77 S. Ct. 593","1 L. Ed. 2d 589","1957 U.S. LEXIS 1639",1956,1405,"Warren","122","MITCHELL, SECRETARY OF LABOR, v. BEKINS VAN & STORAGE CO.","2/26/1957","",371,NA,151,NA,1,NA,NA,0,51,NA,29,NA,0,12,2,1,1,3,0,1,0,0,70040,7,2,0,4,NA,3,334,"",NA,90,1,6,2,60291,474,1957,-1.289,0,0,0,1,0,0,0,5.424,0
"2583","1956-055","1956-055-01","1956-055-01-01","1956-055-01-01-01","3/11/1957",6,"352 U.S. 1027","77 S. Ct. 594","1 L. Ed. 2d 598","1957 U.S. LEXIS 1206",1956,1405,"Warren","371","LASKY ET VIR v. COMMISSIONER OF INTERNAL REVENUE.","3/7/1957","",240,NA,369,NA,1,NA,NA,0,9,NA,29,NA,0,12,9,2,1,2,0,0,0,0,120010,12,2,0,7,NA,NA,NA,"",NA,90,1,7,1,60291,474,1957,-0.0804285714285714,0,0,0,1,0,0,0,3.451,0
"2584","1956-056","1956-056-01","1956-056-01-01","1956-056-01-01-01","3/11/1957",6,"352 U.S. 1028","77 S. Ct. 594","1 L. Ed. 2d 598","1957 U.S. LEXIS 1208",1956,1405,"Warren","125","ARKANSAS & LOUISIANA MISSOURI RAILWAY CO. et al. v. AMARILLO-BORGER EXPRESS, INC., ET AL","12/4/1956","",231,NA,245,NA,2,NA,NA,0,120,NA,120,NA,0,1,NA,2,1,5,0,1,0,0,90130,9,1,0,3,NA,NA,NA,"",NA,90,1,6,2,60291,474,1957,-0.226833333333333,0,0,0,1,0,0,0,3.451,0
"2597","1956-069","1956-069-01","1956-069-01-01","1956-069-01-01-01","4/8/1957",6,"353 U.S. 925","77 S. Ct. 715","1 L. Ed. 2d 721","1957 U.S. LEXIS 1085",1956,1405,"Warren","199","DEEN v. GULF, COLORADO & SANTA FE RAILWAY CO.","4/1/1957","",145,NA,231,NA,1,NA,NA,0,302,51,301,51,0,12,3,1,1,4,0,1,0,0,80040,8,2,0,7,3,NA,NA,"",NA,90,1,5,3,60319,477,1957,-1.7064,0,0,0,1,0,0,0,4.844,0
"2598","1956-070","1956-070-01","1956-070-01-01","1956-070-01-01-01","4/8/1957",6,"353 U.S. 926","77 S. Ct. 698","1 L. Ed. 2d 722","1957 U.S. LEXIS 1087",1956,1405,"Warren","321","THOMSON v. TEXAS & PACIFIC RAILWAY CO.","4/2/1957","",145,NA,231,NA,1,NA,NA,0,NA,NA,25,NA,0,12,3,1,1,4,0,1,0,0,80040,8,2,0,7,3,NA,NA,"",NA,90,1,6,2,60319,477,1957,-1.21166666666667,0,0,0,1,0,0,0,5.888,0
"3035","1959-086","1959-086-01","1959-086-01-01","1959-086-01-01-01","5/31/1960",1,"363 U.S. 1","80 S. Ct. 961","4 L. Ed. 2d 1025","1960 U.S. LEXIS 1879",1959,1406,"Warren","10 ORIG","UNITED STATES v. LOUISIANA et al.","10/12/1959","",27,NA,28,22,9,NA,NA,0,NA,NA,NA,NA,0,1,NA,NA,1,NA,0,1,0,0,100040,10,1,0,4,NA,3,368,"",91,78,1,6,1,61468,565,1960,0.417833333333333,0,0,0,1,0,0,0,3.762,0
"3278","1961-056","1961-056-01","1961-056-01-01","1961-056-01-01-01","4/2/1962",6,"369 U.S. 400","82 S. Ct. 850","7 L. Ed. 2d 840","1962 U.S. LEXIS 1516",1961,1407,"Warren","288","In re ZIPKIN.","3/28/1962","",111,NA,28,30,1,NA,NA,0,NA,NA,300,30,0,12,NA,1,1,9,0,0,0,0,90150,9,1,0,3,NA,5,508,"",NA,78,1,6,2,62139,610,1962,0.360833333333333,0,0,0,1,0,0,0,4.107,0
"3424","1962-085","1962-085-01","1962-085-01-01","1962-085-01-01-01","4/15/1963",2,"372 U.S. 711","83 S. Ct. 1020","10 L. Ed. 2d 126","1963 U.S. LEXIS 1816",1962,1408,"Warren","301 M","SYMONS v. CALIFORNIA","","",213,NA,28,6,1,NA,NA,0,302,6,300,6,0,12,NA,1,1,5,0,1,0,0,20320,2,2,0,3,NA,NA,NA,"",NA,90,1,7,2,62517,638,1963,-1.67257142857143,0,0,0,1,0,0,0,6.674,0
"3425","1962-086","1962-086-01","1962-086-01-01","1962-086-01-01-01","4/15/1963",2,"372 U.S. 713","83 S. Ct. 1021","10 L. Ed. 2d 127","1963 U.S. LEXIS 1818",1962,1408,"Warren","534 M","WILLIAMS v. CALIFORNIA et al.","","",213,NA,28,6,1,NA,NA,0,NA,NA,300,6,0,12,NA,1,1,5,0,1,0,0,20320,2,2,0,3,NA,NA,NA,"",NA,90,1,7,2,62517,638,1963,-1.67257142857143,0,0,0,1,0,0,0,6.674,0
"3431","1962-088","1962-088-01","1962-088-01-01","1962-088-01-01-01","4/22/1963",2,"372 U.S. 771","83 S. Ct. 1107","10 L. Ed. 2d 140","1963 U.S. LEXIS 1738",1962,1408,"Warren","797 M","TILLER v. CALIFORNIA et al.","","",213,NA,28,6,1,NA,NA,0,302,6,301,6,0,12,NA,1,1,5,0,1,0,0,20320,2,2,0,3,NA,NA,NA,"",NA,90,1,7,2,62524,639,1963,-1.67257142857143,0,0,0,1,0,0,0,6.674,0
"3448","1962-112","1962-112-01","1962-112-01-01","1962-112-01-01-01","5/13/1963",2,"373 U.S. 242","83 S. Ct. 1294","10 L. Ed. 2d 409","1963 U.S. LEXIS 1623",1962,1408,"Warren","59 M","BOYES v. UNITED STATES.","","",100,NA,27,NA,1,NA,NA,0,122,NA,25,NA,0,12,NA,1,1,5,0,1,0,0,10020,1,2,0,3,NA,NA,NA,"",NA,90,1,7,2,62545,641,1963,-1.67257142857143,0,0,0,1,0,0,0,6.674,0
"3449","1962-113","1962-113-01","1962-113-01-01","1962-113-01-01-01","5/13/1963",2,"373 U.S. 243","83 S. Ct. 1294","10 L. Ed. 2d 410","1963 U.S. LEXIS 1625",1962,1408,"Warren","494 M","BAKER v. UNITED STATES.","","",100,NA,27,NA,1,NA,NA,0,129,NA,29,NA,0,12,NA,1,1,5,0,1,0,0,10020,1,2,0,3,NA,NA,NA,"",NA,90,1,7,2,62545,641,1963,-1.67257142857143,0,0,0,1,0,0,0,6.674,0
"3849","1965-033","1965-033-01","1965-033-01-01","1965-033-01-01-01","12/13/1965",2,"382 U.S. 285","86 S. Ct. 432","15 L. Ed. 2d 330","1965 U.S. LEXIS 3",1965,1409,"Warren","610","SORIC v. IMMIGRATION AND NATURALIZATION SERVICE.","","",106,NA,368,NA,1,68,NA,0,27,NA,27,NA,0,12,NA,1,1,5,0,1,0,0,20110,2,2,0,3,NA,NA,NA,"",NA,90,1,9,0,63490,705,1965,-0.944777777777778,0,0,0,1,0,0,0,9.248,0
"4010","1966-051","1966-051-01","1966-051-01-01","1966-051-01-01-01","2/13/1967",2,"386 U.S. 11","87 S. Ct. 870","17 L. Ed. 2d 701","1967 U.S. LEXIS 2266",1966,1409,"Warren","18 M","STONEHAM v. TEXAS.","","",100,NA,28,51,2,NA,NA,0,302,51,300,51,0,1,NA,1,1,9,0,0,0,0,10220,1,1,0,3,NA,2,230,"",NA,78,1,6,3,63917,747,1967,0.200833333333333,0,0,0,1,0,0,0,3.233,0
"4260","1967-156","1967-156-01","1967-156-01-01","1967-156-01-01-01","6/3/1968",2,"391 U.S. 600","88 S. Ct. 1865","20 L. Ed. 2d 844","1968 U.S. LEXIS 1476",1967,1410,"Warren","229","In re FISCHER.","","",175,NA,28,41,2,NA,NA,0,302,41,301,41,0,1,2,1,1,9,0,0,0,0,20170,2,1,0,3,NA,NA,NA,"",NA,90,1,6,3,64393,794,1968,-0.379666666666667,0,0,0,1,0,0,0,2.804,0
"4275","1967-171","1967-171-01","1967-171-01-01","1967-171-01-01-01","6/10/1968",2,"392 U.S. 300","88 S. Ct. 2053","20 L. Ed. 2d 1105","1968 U.S. LEXIS 1361",1967,1410,"Warren","1076","PICKENS v. OLIVER, WARDEN","","",100,NA,28,6,1,NA,NA,0,302,6,300,6,0,12,NA,1,1,5,0,1,0,0,10270,1,2,0,3,NA,NA,NA,"",NA,90,1,7,2,64400,795,1968,-1.827,0,0,0,1,0,0,0,7.119,0
"4491","1969-049","1969-049-01","1969-049-01-01","1969-049-01-01-01","2/25/1970",4,"397 U.S. 91","90 S. Ct. 784","25 L. Ed. 2d 76","1970 U.S. LEXIS 69",1969,1501,"Burger","33 ORIG","ARKANSAS v. TENNESSEE","","",28,5,28,50,9,NA,NA,0,NA,NA,NA,NA,0,1,NA,NA,1,NA,0,0,0,0,110010,11,3,0,3,NA,NA,NA,"",NA,99,1,8,0,65025,850,1970,-0.75675,0,0,0,0,1,0,0,9.417,0
"4578","1969-136","1969-136-01","1969-136-01-01","1969-136-01-01-01","6/29/1970",2,"399 U.S. 520","90 S. Ct. 2230","26 L. Ed. 2d 775","1970 U.S. LEXIS 1264",1969,1502,"Burger","664","DUNN v. LOUISIANA","","",100,NA,28,22,2,NA,NA,0,302,22,300,22,0,1,NA,1,1,9,0,0,0,0,10580,1,1,0,3,NA,NA,NA,"",NA,99,1,8,1,65149,869,1970,-0.42325,0,0,0,0,1,0,0,9.417,0
"7717","1989-002","1989-002-01","1989-002-01-01","1989-002-01-01-01","10/16/1989",6,"493 U.S. 5","110 S. Ct. 273","107 L. Ed. 2d 6","1989 U.S. LEXIS 4957",1989,1603,"Rehnquist","88-928","JAMES M. WHITE, ETC. v. UNITED STATES et al.","10/3/1989","",501,NA,27,NA,1,NA,NA,0,NA,NA,22,NA,0,12,NA,1,1,9,0,0,0,0,90150,9,1,0,3,NA,NA,NA,"",NA,102,1,8,1,72198,1713,1989,-0.32425,0,0,0,0,0,1,0,7.005,0
"8280","1993-057","1993-057-01","1993-057-01-01","1993-057-01-01-01","5/23/1994",5,"511 U.S. 658","114 S. Ct. 1827","128 L. Ed. 2d 654","1994 U.S. LEXIS 3779",1993,1606,"Rehnquist","93-609","MORGAN STANLEY & COMPANY, INCORPORATED, et al. v. PACIFIC MUTUAL LIFE INSURANCE COMPANY","4/26/1994","",119,NA,171,NA,1,NA,NA,0,120,NA,25,NA,0,12,4,3,1,2,0,0,0,0,NA,NA,3,0,3,NA,NA,NA,NA,NA,NA,1,4,4,73878,1887,1994,0.481375,0,0,0,0,0,1,0,0,0
"8320","1994-001","1994-001-01","1994-001-01-01","1994-001-01-01-01","10/11/1994",2,"513 U.S. 1","115 S. Ct. 2","130 L. Ed. 2d 1","1994 U.S. LEXIS 7040",1994,1607,"Rehnquist","93-9220","In re FRED WHITAKER","","",212,NA,20,60,8,NA,NA,0,NA,NA,NA,NA,0,1,NA,1,1,9,0,0,0,0,20360,2,1,0,4,NA,4,403,"",NA,102,1,8,1,74019,1896,1994,1.121625,0,0,0,0,0,1,0,4.055,0
"8478","1995-067","1995-067-01","1995-067-01-01","1995-067-01-01-01","6/13/1996",1,"517 U.S. 899","116 S. Ct. 1894","135 L. Ed. 2d 207","1996 U.S. LEXIS 3880",1995,1607,"Rehnquist","94-923","RUTH O. SHAW, et al. v. JAMES B. HUNT, JR., GOVERNOR OF NORTH CAROLINA, et al.","12/5/1995","",251,NA,19,38,2,NA,NA,1,98,NA,98,NA,1,1,NA,2,3,3,0,1,0,0,20090,2,1,0,2,NA,2,231,"",102,102,1,5,4,74630,1968,1996,2.0448,0,0,0,0,0,1,0,2.985,0
"8572","1996-071","1996-071-01","1996-071-01-01","1996-071-01-01-01","6/9/1997",2,"520 U.S. 937","117 S. Ct. 1792","138 L. Ed. 2d 132","1997 U.S. LEXIS 3545",1996,1607,"Rehnquist","96-8796","EILEEN VEY v. WILLIAM J. CLINTON, PRESIDENT OF THE UNITED STATES, et al.","","",212,NA,19,60,1,NA,NA,0,NA,NA,23,NA,0,12,NA,1,1,9,0,0,0,0,20360,2,1,0,3,NA,NA,NA,"",NA,104,1,7,1,74991,2002,1997,1.04285714285714,0,0,0,0,0,1,0,4.467,0
"8599","1997-001","1997-001-01","1997-001-01-01","1997-001-01-01-01","10/20/1997",2,"522 U.S. 1","118 S. Ct. 1","139 L. Ed. 2d 1","1997 U.S. LEXIS 6292",1997,1607,"Rehnquist","97-5370","CARSON LYNN BROWN v. R. WILLIAMS et al.","","",215,NA,501,NA,5,NA,NA,0,NA,NA,26,NA,0,1,9,1,1,9,0,0,0,0,20360,2,1,0,3,4,4,403,"",NA,102,1,8,1,75124,2009,1997,1.0885,0,0,0,0,0,1,0,4.523,0
"8704","1998-006","1998-006-01","1998-006-01-01","1998-006-01-01-01","12/8/1998",6,"525 U.S. 120","119 S. Ct. 484","142 L. Ed. 2d 500","1998 U.S. LEXIS 8071",1998,1607,"Rehnquist","97-7213","SYLVESTER MOSLEY v. UNITED STATES","10/14/1998","",100,NA,28,35,1,NA,NA,0,92,NA,23,NA,0,12,2,1,1,9,0,0,0,0,90130,9,1,0,3,NA,NA,NA,"",NA,102,1,9,0,75538,2048,1998,0.590444444444444,0,0,0,0,0,1,0,7.115,0
"8708","1998-010","1998-010-01","1998-010-01-01","1998-010-01-01-01","1/11/1999",2,"525 U.S. 153","119 S. Ct. 635","142 L. Ed. 2d 573","1999 U.S. LEXIS 7",1998,1607,"Rehnquist","98-6945","In re MICHAEL KENNEDY","","",111,NA,20,60,1,NA,NA,0,NA,NA,NA,NA,0,NA,NA,1,1,9,0,0,0,0,20360,2,1,0,4,3,4,403,"",NA,102,1,8,1,75572,2050,1999,1.081625,0,0,0,0,0,1,0,4.7,0
"8729","1998-031","1998-031-01","1998-031-01-01","1998-031-01-01-01","3/3/1999",2,"526 U.S. 111","119 S. Ct. 1016","143 L. Ed. 2d 192","1999 U.S. LEXIS 1714",1998,1607,"Rehnquist","127 ORIG","THE FEDERAL REPUBLIC OF GERMANY et al. v. UNITED STATES et al.","","",24,NA,27,NA,9,NA,NA,0,NA,NA,NA,NA,0,1,NA,NA,1,9,0,0,0,0,90370,9,1,0,1,NA,1,139,"",NA,102,1,7,0,75623,2058,1999,1.34328571428571,0,0,0,0,0,1,0,4.7,0
"8731","1998-033","1998-033-01","1998-033-01-01","1998-033-01-01-01","3/8/1999",2,"526 U.S. 122","119 S. Ct. 1109","143 L. Ed. 2d 203","1999 U.S. LEXIS 1875",1998,1607,"Rehnquist","98-7771","BARBARA SCHWARZ v. NATIONAL SECURITY AGENCY et al.","","",212,NA,386,NA,1,NA,NA,0,NA,NA,NA,NA,0,NA,NA,1,1,9,0,0,0,0,20360,2,1,0,4,NA,4,403,"",NA,102,1,8,1,75628,2059,1999,1.081625,0,0,0,0,0,1,0,4.7,0
"8780","1998-082","1998-082-01","1998-082-01-01","1998-082-01-01-01","6/21/1999",2,"527 U.S. 469","119 S. Ct. 1997","144 L. Ed. 2d 447","1999 U.S. LEXIS 4203",1998,1607,"Rehnquist","98-8952","MARY KOEGEL FERTEL-RUST v. MILWAUKEE COUNTY MENTAL HEALTH CENTER et al.","","",212,NA,165,NA,5,NA,NA,0,NA,NA,NA,NA,0,1,NA,1,1,9,0,0,0,0,20360,2,1,0,4,NA,4,403,"",NA,102,1,8,1,75733,2077,1999,1.081625,0,0,0,0,0,1,0,4.7,0
"8790","1998-093","1998-093-01","1998-093-01-01","1998-093-01-01-01","6/24/1999",2,"527 U.S. 885","119 S. Ct. 2333","144 L. Ed. 2d 764","1999 U.S. LEXIS 4559",1998,1607,"Rehnquist","98-9085","RONALD DWAYNE WHITFIELD v. TEXAS","","",212,NA,28,51,1,NA,NA,0,NA,NA,NA,NA,0,NA,NA,1,1,9,0,0,0,0,20360,2,1,0,4,NA,4,403,"",NA,102,1,8,1,75736,2080,1999,1.081625,0,0,0,0,0,1,0,4.7,0
"8791","1999-002","1999-002-01","1999-002-01-01","1999-002-01-01-01","10/12/1999",2,"528 U.S. 1","120 S. Ct. 5","145 L. Ed. 2d 1","1999 U.S. LEXIS 6584",1999,1607,"Rehnquist","98-9913","DONALD H. BRANCATO v. PRISCILLA F. GUNN et al.","","",212,NA,20,60,1,NA,NA,0,NA,NA,NA,NA,0,NA,NA,3,1,9,0,0,0,0,20360,2,1,0,4,NA,4,403,"",NA,NA,1,8,1,75846,2081,1999,0.968375,0,0,0,0,0,1,0,5.048,0
"8792","1999-003","1999-003-01","1999-003-01-01","1999-003-01-01-01","10/12/1999",2,"528 U.S. 3","120 S. Ct. 4","145 L. Ed. 2d 4","1999 U.S. LEXIS 6585",1999,1607,"Rehnquist","98-9933","MICHAEL C. ANTONELLI v. DALE CARIDINE et al.","","",212,NA,501,NA,1,NA,NA,0,NA,NA,NA,NA,0,NA,NA,3,1,9,0,0,0,0,20360,2,1,0,4,NA,4,403,"",NA,NA,1,8,1,75846,2081,1999,0.968375,0,0,0,0,0,1,0,5.048,0
"8793","1999-004","1999-004-01","1999-004-01-01","1999-004-01-01-01","10/12/1999",2,"528 U.S. 5","120 S. Ct. 1","145 L. Ed. 2d 7","1999 U.S. LEXIS 6586",1999,1607,"Rehnquist","99-5260","KEITH RUSSELL JUDD v. UNITED STATES DISTRICT COURT FOR THE WESTERN DISTRICT OF TEXAS et al.","","",212,NA,6,60,1,NA,NA,0,NA,NA,NA,NA,0,NA,NA,3,1,9,0,0,0,0,20360,2,1,0,4,NA,4,403,"",NA,NA,1,8,1,75846,2081,1999,0.968375,0,0,0,0,0,1,0,5.048,0
"8794","1999-005","1999-005-01","1999-005-01-01","1999-005-01-01-01","10/12/1999",2,"528 U.S. 9","120 S. Ct. 3","145 L. Ed. 2d 13","1999 U.S. LEXIS 6589",1999,1607,"Rehnquist","99-5316","ROBERT E. PRUNTY v. W. BROOKS et al.","","",212,NA,211,NA,1,NA,NA,0,NA,NA,NA,NA,0,NA,NA,3,1,9,0,0,0,0,20360,2,1,0,4,NA,4,403,"",NA,NA,1,8,1,75846,2081,1999,0.968375,0,0,0,0,0,1,0,5.048,0
"8796","1999-008","1999-008-01","1999-008-01-01","1999-008-01-01-01","10/18/1999",2,"528 U.S. 16","120 S. Ct. 6","145 L. Ed. 2d 21","1999 U.S. LEXIS 6910",1999,1607,"Rehnquist","99-5440","In re FREDERICK W. BAUER","","",212,NA,501,NA,8,NA,NA,0,NA,NA,NA,NA,0,1,NA,3,1,9,0,0,0,0,20360,2,1,0,2,NA,4,403,"",NA,NA,1,8,1,75852,2082,1999,0.968375,0,0,0,0,0,1,0,5.048,0
"8892","2000-017","2000-017-01","2000-017-01-01","2000-017-01-01-01","1/17/2001",6,"531 U.S. 287","121 S. Ct. 850","148 L. Ed. 2d 765","2001 U.S. LEXIS 791",2000,1607,"Rehnquist","99-1953","DISTRICT OF COLUMBIA, et al., v. TRI COUNTY INDUSTRIES, INC.","1/10/2001","",28,10,122,NA,1,NA,NA,0,NA,NA,32,NA,0,12,NA,3,1,9,0,0,0,0,90150,9,1,0,3,NA,NA,NA,"",NA,NA,1,9,0,76309,2123,2001,0.363777777777778,0,0,0,0,0,1,0,6.885,0
"9394","2006-019","2006-019-01","2006-019-01-01","2006-019-01-01-01","2/20/2007",1,"549 U.S. 384","127 S. Ct. 1091","166 L. Ed. 2d 973","2007 U.S. LEXIS 2650",2006,1702,"Roberts","05-1240","ANDRE WALLACE v. KRISTEN KATO et al.","11/6/2006","",174,NA,3,17,1,NA,NA,0,66,NA,27,NA,0,12,2,1,1,2,0,0,0,0,20400,2,1,0,4,NA,3,314,"",105,111,1,7,2,78534,2320,2007,0.783142857142857,0,0,0,0,0,0,1,6.695,0
"9479","2007-028","2007-028-01","2007-028-01-01","2007-028-01-01-01","3/31/2008",1,"552 U.S. 597","128 S. Ct. 1410","170 L. Ed. 2d 315","2008 U.S. LEXIS 3088",2007,1702,"Roberts","134 ORIG","STATE OF NEW JERSEY v. STATE OF DELAWARE","11/27/2007","",28,35,28,9,9,NA,NA,0,NA,NA,NA,NA,0,1,NA,NA,1,NA,0,0,0,0,110010,11,3,0,4,NA,5,510,"",109,111,1,5,3,78939,2357,2008,0.4728,0,0,0,0,0,0,1,5.455,0
"9520","2007-069","2007-069-01","2007-069-01-01","2007-069-01-01-01","6/26/2008",1,"554 U.S. 471","128 S. Ct. 2605","171 L. Ed. 2d 570","2008 U.S. LEXIS 5263",2007,1702,"Roberts","07-219","EXXON SHIPPING CO. v. BAKER","2/27/2008","",116,NA,157,NA,1,NA,NA,0,44,NA,29,NA,0,11,2,2,1,5,0,1,0,0,80080,8,1,0,7,4,3,338,"",107,111,1,5,3,79026,2372,2008,1.2878,0,0,0,0,0,0,1,5.28,0
"9617","2009-093","2009-093-01","2009-093-01-01","2009-093-01-01-01","1/4/2010",6,"558 U.S. 1103","130 S. Ct. 1047","175 L. Ed. 2d 641","2010 U.S. LEXIS 1",2009,1703,"Roberts","08-1065","POTTAWATTAMIE COUNTY, IOWA, et al., PETITIONERS v. CURTIS W. MCGHEE, JR., et al.","11/4/2009","",5,19,111,NA,1,NA,NA,0,71,NA,28,NA,0,12,9,2,1,9,0,0,0,0,90200,9,1,0,3,NA,4,403,NA,NA,111,1,9,0,79583,2415,2010,0.219666666666667,0,0,0,0,0,0,1,6.209,0
"9778","2009-067","2009-067-01","2009-067-01-01","2009-067-01-01-01","6/27/2011",2,"564 U.S. 932","131 S. Ct. 2860","180 L. Ed. 2d 811","2011 U.S. LEXIS 4799",2009,1704,"Roberts","09-940","UNITED STATES v. JUVENILE MALE","","",27,NA,175,NA,1,NA,NA,0,88,NA,29,NA,0,12,8,2,1,5,0,0,0,0,20170,2,1,0,3,NA,6,600,"42-16901",NA,111,1,8,0,80122,2480,2011,0.601,0,0,0,0,0,0,1,5.036,0
